{
    "version": 8,
    "name": "terrainrgb",
    "center": [
      1.9000377587799449,
      41.69648254807109
    ],
    "zoom": 13.574883608305056,
    "bearing": -2.1291313031705386,
    "pitch": 10.000000000000004,
    "sources": {
      "terrainICGC": {
        "type": "raster-dem",
        "tiles": [
          "https://tilemaps.icgc.cat/tileserver/tileserver.php/terreny_icgc_2m_rgb/{z}/{x}/{y}.png"
        ],
        "maxzoom": 16,
        "minZoom": 7.5
      },
      "terrainMapZen": {
        "type": "raster-dem",
        "tiles": [
          "https://s3.amazonaws.com/elevation-tiles-prod/terrarium/{z}/{x}/{y}.png"
        ],
        "tileSize": 256,
        "encoding": "terrarium",
        "maxzoom": 16
      }
    },
    "sprite": "https://tilemaps.icgc.cat/tileserver/sprites/maki",
    "glyphs": "https://tilemaps.icgc.cat/tileserver/glyphs/{fontstack}/{range}.pbf",
    "layers": [
      {
        "id": "background",
        "type": "background",
        "paint": {
          "background-color": "#d3e0d3"
        }
      },
      {
        "id": "terrainMapZen",
        "type": "hillshade",
        "source": "terrainMapZen",
        "layout": {
          "visibility": "visible"
        },
        "paint": {
          "hillshade-illumination-anchor": "map",
          "hillshade-exaggeration": 0.9580163934694699,
          "hillshade-highlight-color": "#2e2791",
          "hillshade-shadow-color": "#3c1644",
          "hillshade-accent-color": "#8a0000",
          "hillshade-illumination-direction": 329
        },
        "interactive": true
      },
      {
        "id": "terrainICGC",
        "type": "hillshade",
        "source": "terrainICGC",
        "layout": {
          "visibility": "visible"
        },
        "paint": {
          "hillshade-illumination-anchor": "map",
          "hillshade-exaggeration": 0.9580163934694699,
          "hillshade-highlight-color": "#2e2791",
          "hillshade-shadow-color": "#3c1644",
          "hillshade-accent-color": "#8a0000",
          "hillshade-illumination-direction": 329
        },
        "interactive": true
      }
    ]
  }